{"mean": [12.938803672790527, 12.988590240478516, 13.24483585357666, 13.862678527832031, 14.706469535827637, 15.299779891967773, 15.726239204406738, 15.945088386535645, 15.916701316833496, 15.687577247619629, 15.432089805603027, 15.231431007385254, 15.396590232849121, 15.638398170471191, 15.70298957824707, 15.66133975982666, 15.478520393371582, 15.231643676757812, 15.1820707321167, 14.884093284606934, 14.711823463439941, 15.015400886535645, 14.905647277832031, 15.045230865478516, 14.925453186035156, 14.975335121154785, 14.873491287231445, 14.963201522827148, 14.983627319335938, 15.058960914611816, 15.096285820007324, 15.094374656677246, 15.112299919128418, 15.191522598266602, 15.302177429199219, 15.42823314666748, 15.533145904541016, 15.578727722167969, 15.5680570602417, 15.437834739685059, 15.478806495666504, 15.343710899353027, 15.357370376586914, 15.34543514251709, 15.412007331848145, 15.512592315673828, 15.627835273742676, 15.757415771484375, 15.889985084533691, 16.010189056396484, 16.03902816772461, 16.042205810546875, 16.06926727294922, 16.128238677978516, 16.144123077392578, 16.1408748626709, 16.07675552368164, 16.00543785095215, 15.946799278259277, 15.788905143737793, 15.564733505249023, 15.353691101074219, 15.335692405700684, 15.358287811279297, 15.396657943725586, 15.505508422851562, 15.599776268005371, 15.666229248046875, 15.739133834838867, 15.839085578918457, 15.907671928405762, 15.976414680480957, 16.069398880004883, 16.163938522338867, 16.253990173339844, 16.359010696411133, 16.392595291137695, 16.322534561157227, 15.964835166931152, 14.273124694824219], "istd": [0.5857509970664978, 0.4739290773868561, 0.3291770815849304, 0.3136660158634186, 0.29572543501853943, 0.28399574756622314, 0.269923597574234, 0.256320059299469, 0.24906672537326813, 0.2507641911506653, 0.2526216506958008, 0.24881863594055176, 0.24050484597682953, 0.23198121786117554, 0.2287505865097046, 0.22961494326591492, 0.23412102460861206, 0.2383759766817093, 0.24225552380084991, 0.2457047551870346, 0.24864540994167328, 0.2503734529018402, 0.252056747674942, 0.2556585967540741, 0.26024067401885986, 0.2659878134727478, 0.2695002853870392, 0.27083998918533325, 0.27057915925979614, 0.27020421624183655, 0.2695172429084778, 0.2698250710964203, 0.2706049680709839, 0.27005261182785034, 0.2686102092266083, 0.2676858603954315, 0.2679017186164856, 0.2693827152252197, 0.2716204524040222, 0.275262713432312, 0.279636025428772, 0.2842451333999634, 0.289561003446579, 0.2930655777454376, 0.2944326400756836, 0.29436320066452026, 0.29427769780158997, 0.2945435643196106, 0.2937808036804199, 0.29268357157707214, 0.2919381558895111, 0.29164600372314453, 0.2918025255203247, 0.29169875383377075, 0.29331323504447937, 0.29524168372154236, 0.2978909909725189, 0.30231380462646484, 0.30767765641212463, 0.3153502941131592, 0.3270118236541748, 0.3360951840877533, 0.33948105573654175, 0.33983129262924194, 0.3357847034931183, 0.3292897343635559, 0.32419583201408386, 0.3186882734298706, 0.31326594948768616, 0.30885007977485657, 0.30625811219215393, 0.3045103847980499, 0.30263301730155945, 0.3016165494918823, 0.3014693260192871, 0.30091381072998047, 0.3014051616191864, 0.30551671981811523, 0.3131846785545349, 0.3320542275905609], "feature_method": "fbank"}